Date,AQR Convexity Fusion Global Equity
2001-02-28,-0.06239629898667722
2001-03-31,-0.025305042062168374
2001-04-30,0.049142996640953916
2001-05-31,-0.006648878546420135
2001-06-30,-0.01186052401258599
2001-07-31,0.002097719589959555
2001-08-31,-0.03428602018147728
2001-09-30,-0.07402588102327169
2001-10-31,0.036948670180715126
2001-11-30,0.048861028740583616
2001-12-31,0.017415643451721228
2002-01-31,-0.019575109460657974
2002-02-28,-0.004291757323094357
2002-03-31,0.019811924830759525
2002-04-30,-0.03536039139508279
2002-05-31,0.009440126721265886
2002-06-30,-0.04940031719305509
2002-07-31,-0.05964042595430998
2002-08-31,0.010720806315646524
2002-09-30,-0.08452676520386179
2002-10-31,0.05958892189829563
2002-11-30,0.04012118848542341
2002-12-31,-0.039376873191906775
2003-01-31,-0.014557508905354576
2003-02-28,0.009279546744871425
2003-03-31,-0.031018974702912375
2003-04-30,0.0803928310149852
2003-05-31,0.07526326092396272
2003-06-30,0.02409353277094911
2003-07-31,0.023084127461248525
2003-08-31,0.04328480089039003
2003-09-30,-0.01531419360768909
2003-10-31,0.09277732746580013
2003-11-30,0.003533444426477791
2003-12-31,0.06005769087209343
2004-01-31,0.030288864377163837
2004-02-29,0.03434852382459142
2004-03-31,-0.012387159995020063
2004-04-30,-0.02797572772986307
2004-05-31,-0.011216496326007564
2004-06-30,0.01858261586709403
2004-07-31,-0.023856371621119865
2004-08-31,0.005532067172128777
2004-09-30,0.03556723686439563
2004-10-31,0.006599369752781077
2004-11-30,0.06360216867899783
2004-12-31,0.03734841817311344
2005-01-31,-0.003951512596619325
2005-02-28,0.052405282847596484
2005-03-31,-0.011765846112464775
2005-04-30,-0.03244356377782349
2005-05-31,0.04423203947101223
2005-06-30,0.034013869764526916
2005-07-31,0.03222021402897333
2005-08-31,0.0027936426583495644
2005-09-30,0.07090792944565781
2005-10-31,-0.013487589392134975
2005-11-30,0.041728040307352714
2005-12-31,0.007925023368790375
2006-01-31,0.04090263530633963
2006-02-28,0.009097237507332564
2006-03-31,0.04079337256810803
2006-04-30,0.02035896315123501
2006-05-31,-0.04912508320214968
2006-06-30,0.001164039768968021
2006-07-31,-0.009373163130925675
2006-08-31,0.012194219347812625
2006-09-30,0.021456169659902113
2006-10-31,0.047567229057624026
2006-11-30,0.021303861568452813
2006-12-31,0.05702336564583013
2007-01-31,0.021218202136857427
2007-02-28,-0.029049678579264916
2007-03-31,0.028923311528439726
2007-04-30,0.05886658980583201
2007-05-31,0.05338208500981313
2007-06-30,0.002210865980463141
2007-07-31,-0.03441408373413207
2007-08-31,-0.023233619642249476
2007-09-30,0.07312428291387671
2007-10-31,0.045767072493041426
2007-11-30,-0.05007158926926819
2007-12-31,0.008831475939354676
2008-01-31,-0.07463908193086696
2008-02-29,0.009632620402585022
2008-03-31,-0.020654061730833364
2008-04-30,0.04505525483861973
2008-05-31,0.04738080466352674
2008-06-30,-0.03802404993510427
2008-07-31,-0.034120880742719566
2008-08-31,0.0013417136784883272
2008-09-30,-0.08636728818509537
2008-10-31,-0.13082167308610257
2008-11-30,-0.05045710201208227
2008-12-31,0.010145922586886338
2009-01-31,-0.07665324310884898
2009-02-28,-0.09816755839556902
2009-03-31,0.05218942305389643
2009-04-30,0.11703312563382441
2009-05-31,0.03568726757429342
2009-06-30,-0.009523758945789518
2009-07-31,0.08437776519154562
2009-08-31,0.04905172561279912
2009-09-30,0.03938225889464321
2009-10-31,-0.03342094484011868
2009-11-30,0.030499093352935713
2009-12-31,0.03985796798617443
2010-01-31,-0.05019153376582148
2010-02-28,0.016129568264661182
2010-03-31,0.08253551936080843
2010-04-30,0.00020447945794891697
2010-05-31,-0.10997945302657158
2010-06-30,-0.04316004231368569
2010-07-31,0.06359864303110793
2010-08-31,-0.04052328298689437
2010-09-30,0.09224491269439301
2010-10-31,0.03522899633756743
2010-11-30,-0.01017493660038776
2010-12-31,0.06737188151998812
2011-01-31,0.012185207804410625
2011-02-28,0.03226541870567708
2011-03-31,-0.018439216652887475
2011-04-30,0.029265445033898812
2011-05-31,-0.03065207538597498
2011-06-30,-0.02785793918894189
2011-07-31,-0.016056531681884176
2011-08-31,-0.058398351379045574
2011-09-30,-0.05066849219389259
2011-10-31,0.07150289666133804
2011-11-30,0.003055439440570701
2011-12-31,0.008854409701467584
2012-01-31,0.02430859787424594
2012-02-29,0.050056270962089124
2012-03-31,0.019514358844478538
2012-04-30,-0.014871968199037371
2012-05-31,-0.052217912563634464
2012-06-30,0.02864311492922973
2012-07-31,0.020663100009642336
2012-08-31,0.005715393507933548
2012-09-30,0.017421021991633732
2012-10-31,-0.0009560889184761579
2012-11-30,0.01633736848521293
2012-12-31,0.02729392474550424
2013-01-31,0.06987768073758892
2013-02-28,0.009395835456795884
2013-03-31,0.032293960725182626
2013-04-30,0.03895810492261451
2013-05-31,0.013377717192286726
2013-06-30,-0.017157210523989892
2013-07-31,0.05293303281582853
2013-08-31,-0.029543824663387775
2013-09-30,0.025511028669853712
2013-10-31,0.04203921088354753
2013-11-30,0.03877596964529621
2013-12-31,0.03143338162051202
2014-01-31,-0.024564761119754377
2014-02-28,0.027204598438245586
2014-03-31,-0.008515939072081086
2014-04-30,0.002846933171666721
2014-05-31,0.018074822224629326
2014-06-30,0.02028296662993791
2014-07-31,-0.0035389275023955057
2014-08-31,0.029503653600799026
2014-09-30,0.016212772506242912
2014-10-31,-0.00036279370455237394
2014-11-30,0.06707513555596031
2014-12-31,0.025899560452896028
2015-01-31,0.023793399082593925
2015-02-28,0.05201962606336848
2015-03-31,0.023189789265893126
2015-04-30,-0.01258114701607809
2015-05-31,0.021480408167445324
2015-06-30,-0.05927560659468379
2015-07-31,0.06916274984234143
2015-08-31,-0.049866813429761576
2015-09-30,-0.01493823249729139
2015-10-31,0.062251623988568025
2015-11-30,0.019796648898501912
2015-12-31,-0.010640060981189976
2016-01-31,-0.034072799843326264
2016-02-29,0.011612394617408822
2016-03-31,0.01633230139610404
2016-04-30,-0.014392872392175071
2016-05-31,0.006975701654513238
2016-06-30,0.0020101083142910195
2016-07-31,0.057888575828285535
2016-08-31,-0.002291406925892043
2016-09-30,-0.0031389856029008503
2016-10-31,-0.008974437345976723
2016-11-30,0.009804490814004729
2016-12-31,0.024539709570801437
2017-01-31,0.012885574495109426
2017-02-28,0.025648734992879386
2017-03-31,-0.010079665789924527
2017-04-30,-0.01013272752868735
2017-05-31,-0.005946372568209846
2017-06-30,-0.00068923554230657
2017-07-31,0.008601608188973285
2017-08-31,0.015621076195029624
2017-09-30,0.0050522342870883115
2017-10-31,0.023400515438094627
2017-11-30,0.014642434574725211
2017-12-31,0.018189202375795424
2018-01-31,0.06546226091957123
2018-02-28,-0.05282869660139082
2018-03-31,-0.027871356805163377
2018-04-30,0.01971467997040261
2018-05-31,-0.005301395483903165
2018-06-30,0.007571366081798091
2018-07-31,0.025700174261628926
2018-08-31,0.028499916726686825
2018-09-30,0.007190288336258641
2018-10-31,-0.06985400260023178
2018-11-30,-0.0017743311409664892
2018-12-31,-0.07679512811191608
2019-01-31,0.04985246679588023
2019-02-28,0.031160584624750687
2019-03-31,0.030883338504859827
2019-04-30,0.04425248767210201
2019-05-31,-0.06149263504486198
2019-06-30,0.06474289448419672
2019-07-31,0.021155326060379627
2019-08-31,0.0015270296207489447
2019-09-30,-0.0047149885032286695
2019-10-31,0.003953731761557865
2019-11-30,0.02651735988861541
2019-12-31,0.027513716831108925
2020-01-31,-0.005278805714042643
2020-02-29,-0.08702443785859039
2020-03-31,-0.10305084648522057
2020-04-30,0.10833895780476824
2020-05-31,0.04419677169680344
2020-06-30,0.01466817134739503
2020-07-31,0.044413359711677834
2020-08-31,0.05646445587911344
2020-09-30,-0.029605711697674172
2020-10-31,-0.018424110353698463
2020-11-30,0.10185330721022423
2020-12-31,0.051795356137159534
2021-01-31,-0.0029533211320866256
2021-02-28,0.035333912254321684
2021-03-31,0.037980510500488424
2021-04-30,0.05144305094486332
2021-05-31,0.017102113425930526
2021-06-30,0.01831461852622511
2021-07-31,-0.0006554677642024644
2021-08-31,0.026350280620909227
2021-09-30,-0.02173694943650409
2021-10-31,0.07611161983724334
2021-11-30,-0.044882586500431296
2021-12-31,0.04496502563313203
2022-01-31,-0.024342798981667777
2022-02-28,-0.014072975716111416
2022-03-31,0.07382311400121162
2022-04-30,-0.040352214241826896
2022-05-31,-0.006107548548721346
2022-06-30,-0.0603290184623415
2022-07-31,0.059755619607436125
2022-08-31,-0.012905264479843576
2022-09-30,-0.06046755671346369
2022-10-31,0.06571620765888143
2022-11-30,0.026329157473528514
2022-12-31,-0.04440369348463468
2023-01-31,0.04696920544789023
2023-02-28,0.0034808048964711635
2023-03-31,-0.006848503358133485
2023-04-30,0.02503561996219011
2023-05-31,0.016338587202906627
2023-06-30,0.052924681916535016
2023-07-31,0.015310621514466825
2023-08-31,-0.004647235029721565
2023-09-30,-0.01975191603005209
2023-10-31,-0.020449554201279675
2023-11-30,0.058243335964037114
2023-12-31,0.031040744005730727
2024-01-31,0.010863062641497737
2024-02-29,0.08466290433035983
2024-03-31,0.05164860844681974
2024-04-30,-0.024715271237608073
2024-05-31,0.03004420024893434
2024-06-30,0.01430635871287123
2024-07-31,-0.015375411505361163
2024-08-31,0.007958547756596088
2024-09-30,0.025687819387929932
2024-10-31,-0.025253610984522563
2024-11-30,0.06011526600981083
2024-12-31,-0.0039033367521731925
2025-01-31,0.034935979406444724
2025-02-28,0.004772859160638524
2025-03-31,-0.04296230598548768
2025-04-30,-0.00871310936754023
2025-05-31,0.05377942434589863
2025-06-30,0.03663865384159521
2025-07-31,0.021201928835970326
2025-08-31,0.023868892014241323
2025-09-30,0.058398901990121314
2025-10-31,0.030506500088662125
2025-11-30,0.00016720656739525595
2025-12-31,0.019058684071487926
2026-01-31,0.03798669684482603
2026-02-28,0.01863491992306778
2026-03-31,-0.051463554610190775
2026-04-30,0.08797958466130491
2026-05-31,0.043628931751565125
2026-06-30,-0.01324177705903559
