,ULVR,DGE,TSCO,BATS,GSK,AZN,HSBA,LLOY,LGEN,AV.,NG.,SVT,RIO,AAL,SHEL,BP.
1999-12-31,-0.005459,-0.123239,0.110619,-0.10836499999999999,-0.068158,-0.082202,0.06609,-0.034891,-0.023188,0.05,-0.011022,-0.195929,0.215447,0.11156100000000001,,-0.024295
2000-01-31,-0.169045,-0.08132500000000001,-0.132802,-0.22459099999999999,-0.09371399999999999,-0.115265,-0.161645,-0.19625599999999999,-0.12908,-0.179449,-0.097665,-0.05934999999999999,-0.22675599999999999,-0.153827,,-0.126104
2000-02-29,0.019155,0.05683099999999999,0.050536000000000005,-0.044913,-0.042874999999999996,-0.09419000000000001,0.01935,-0.033607,0.052811000000000004,-0.07697,0.15529400000000002,-0.08815899999999999,-0.188581,-0.170304,,-0.097883
2000-03-31,0.041478,-0.007527000000000001,0.21720099999999998,0.42639499999999997,0.18247699999999997,0.250469,0.02379,0.135506,0.053398,0.192471,0.16700600000000002,0.07109,0.149171,0.008307,,0.17640999999999998
2000-04-30,-0.021063000000000002,0.10297200000000001,0.064845,0.124547,0.103621,0.059078,-0.040486,-0.05136,0.045949,0.049714,-0.07940699999999999,0.15309699999999998,-0.05463199999999999,-0.050738000000000005,,-0.03313
2000-05-31,0.14536,0.101059,-0.077626,0.007083000000000001,-0.045936000000000005,0.047973,0.037975,0.152866,0.002985,0.106151,-0.007897999999999999,-0.068304,-0.00804,0.098816,,0.103269
2000-06-30,-0.093484,0.036713,0.017327,0.127877,0.019577,0.094748,0.023713,-0.138122,-0.080357,0.082677,0.01165,0.18698499999999998,0.09422499999999999,0.0677,,0.041906
2000-07-31,-0.0025,-0.011803999999999999,0.07056,-0.092971,-0.002595,-0.067747,0.19589700000000002,-0.044871999999999995,0.11003199999999999,-0.046364,0.051822999999999994,-0.128383,-0.007407,0.001577,,-0.078864
2000-08-31,0.081454,0.003413,-0.014773000000000001,0.130939,0.030697000000000002,0.09179399999999999,0.10874299999999999,0.104045,0.03207,0.010486,0.029197,0.11664,0.036827,0.222362,,0.08576700000000001
2000-09-30,0.015064,0.028061,0.153582,-0.013544,0.033821,0.134219,-0.029262999999999997,-0.026234999999999998,-0.065497,-0.081562,0.029255,0.088889,-0.10737000000000001,-0.063844,,-0.045202
2000-10-31,0.064498,0.098143,0.057344,0.10526300000000001,-0.03125,-0.089165,0.020790000000000003,0.11252000000000001,0.045732,-0.039583,0.029285000000000002,0.0,0.136595,0.046771,,-0.02907
2000-11-30,0.262459,0.125288,0.077069,0.037267,0.036794,0.14699199999999998,-0.053971,-0.041311,0.046647,0.155098,0.047807,0.024489999999999998,-0.053812,-0.027926000000000003,,-0.055763
2000-12-31,-0.018836,0.02459,-0.036219,0.017464999999999998,-0.08118600000000001,-0.0625,0.06027999999999999,0.052006,0.027854999999999998,0.015962,-0.018548,-0.011952,0.116588,0.009576,,-0.015497
2001-01-31,-0.099476,-0.123333,-0.11640700000000001,-0.032859,-0.050265000000000004,-0.119407,0.08020300000000001,-0.011298999999999998,-0.09078599999999999,-0.073937,0.025472,-0.05914,0.011885,0.125474,,0.089815
2001-02-28,0.001938,0.068441,0.08921200000000001,0.12930999999999998,0.061281,0.070582,-0.134398,-0.032429,0.034277,0.002994,-0.060897,0.035938,0.069631,0.085962,,-0.020138
2001-03-31,-0.018375,0.019201,-0.04381,-0.034227,-0.033596,0.067005,-0.06164,0.054116,-0.066282,-0.011606,-0.071672,-0.020451,-0.020253,-0.091123,,0.015707
2001-04-30,0.058562,0.039604,0.00966,0.092486,0.003259,-0.031548,0.09123200000000001,0.05061499999999999,0.037159,0.000516,-0.016544,-0.006479,0.155918,0.10648400000000001,,0.07732
2001-05-31,0.016097999999999998,0.034014,-0.004,-0.047618999999999995,0.040256,0.021819,-0.046688,-0.036476,-0.066768,-0.047423,0.069305,0.033333,-0.007768000000000001,0.025017,,-0.002091
2001-06-30,0.11649599999999999,0.026316000000000003,0.03012,0.0,0.046025,-0.003609,-0.040433000000000004,0.016429,0.048780000000000004,0.063853,-0.069272,0.084417,-0.101779,-0.06332499999999999,,-0.060289
2001-07-31,0.0,-0.075641,-0.021442000000000003,0.042593,0.013500000000000002,0.051615,-0.035608,0.012648999999999999,0.04186,0.007121,-0.09351100000000001,-0.006711,-0.064976,-0.126761,,-0.001711
2001-08-31,-0.018364000000000002,-0.036061,0.037849,0.064632,-0.094153,-0.040502,0.0028020000000000002,0.00013,0.0,0.029293,-0.012632,0.02027,0.063427,0.075269,,0.008131000000000001
2001-09-30,-0.121599,0.047922,-0.010576,0.020374,0.050328,-0.048693,-0.105985,-0.085151,-0.109076,-0.161112,-0.083156,-0.03245,-0.137097,-0.171109,,-0.038494
2001-10-31,-0.032914,-0.039188,-0.052733999999999996,-0.001664,-0.031771,-0.020221,0.050907,0.067692,0.02027,-0.017272,0.134884,-0.023272,0.042991,0.075795,,-0.012456
2001-11-30,0.14410299999999998,0.09249800000000001,-0.008246999999999999,-0.058333,-0.048649,0.010964,0.121433,0.040346,0.023178999999999998,0.012726999999999999,-0.07942300000000001,-0.037141,0.17831499999999997,0.18863600000000003,,-0.059059
2001-12-31,-0.004413,0.04666699999999999,0.035343,0.030973,-0.021023,-0.011802,-0.046154,0.033241,0.029126,0.01137,-0.03386,0.073425,0.0007599999999999999,-0.0047799999999999995,,0.029893999999999997
2002-01-31,0.009752,0.049682000000000004,-0.057229,0.064378,-0.019733,0.049063999999999997,-0.016129,0.014745,-0.007862000000000001,-0.022484999999999998,0.049065000000000004,0.009736,0.056231,0.119116,,0.026217
2002-02-28,0.028973,0.019417,0.073482,0.046773999999999996,0.027762,0.110779,-0.025851000000000002,-0.07202700000000001,-0.049128,-0.131356,0.02951,0.010331,0.023022,0.030901,,0.070751
2002-03-31,-0.040956,0.1048,-0.043651,0.077959,-0.040603,-0.024888,0.077685,0.060294,0.076667,0.066538,0.002163,0.006135000000000001,-0.0052710000000000005,-0.005842000000000001,,0.072961
2002-04-30,0.117438,-0.007625,0.107909,0.04,0.003628,-0.078004,-0.002463,0.09431300000000001,-0.005488,-0.047233,0.062062,0.061653,-0.081412,-0.075214,,-0.0632
2002-05-31,0.015538000000000001,-0.055982000000000004,-0.019011,0.16666699999999998,-0.149567,-0.065008,0.049382999999999996,-0.062104,-0.038155999999999995,-0.094901,0.01626,-0.006382,0.021176,0.14602600000000002,,0.0059370000000000004
2002-06-30,-0.047771,-0.009302,-0.075581,-0.13919399999999998,0.009972,-0.09647399999999999,-0.11235300000000001,-0.117568,-0.135537,-0.174491,-0.049943999999999995,-0.034956999999999995,-0.076037,-0.120161,,-0.058120000000000005
2002-07-31,-0.059364999999999994,-0.08920199999999999,-0.08280900000000001,0.019858,-0.117066,-0.156848,-0.025844999999999996,-0.020674,-0.10707499999999999,-0.194313,-0.052039,-0.139696,-0.085619,-0.265811,,-0.098004
2002-08-31,0.047111,0.007732,-0.033143,0.060083000000000004,-0.021722,-0.198249,0.018439,-0.10863899999999999,0.051392,0.174118,0.022071,0.079582,0.049578,0.031211000000000003,,0.014831
2002-09-30,-0.020374,0.0274,-0.018045,-0.135819,0.011513,0.058178,-0.124405,-0.160107,-0.21973299999999998,-0.266008,0.0,-0.112435,-0.098765,-0.013425,,-0.15084899999999998
2002-10-31,0.094454,-0.08681900000000001,-0.036452,0.007704,-0.000765,0.237033,0.10558999999999999,0.171459,0.28323699999999996,0.370629,0.007752,0.107383,0.130137,0.016149,,-0.035294
2002-11-30,-0.085883,-0.070784,0.02396,-0.11315,-0.013934,0.025577000000000003,0.070927,-0.013635999999999999,0.036036,0.11938800000000001,-0.052198,-0.059091,0.127273,0.106357,,0.030602
2002-12-31,0.032313999999999996,0.008215,-0.044335000000000006,0.069828,-0.009144,-0.09239599999999999,-0.099672,-0.17788,-0.165217,-0.19234300000000001,0.075923,0.14647500000000002,-0.047618999999999995,0.019337,,0.020311
2003-01-31,-0.104907,-0.08,-0.146907,-0.073328,-0.040268,-0.074324,-0.080845,-0.150224,-0.216146,-0.113431,-0.13034,-0.008646000000000001,-0.103226,-0.099729,,-0.10538600000000001
2003-02-28,0.069943,0.014493,-0.021147999999999997,0.078261,-0.013332,0.010255,0.083994,-0.00365,-0.006645,0.007638000000000001,0.027708,0.023256000000000002,0.15557600000000002,0.10535800000000001,,0.057058
2003-03-31,0.035336,0.046688,0.10030900000000001,-0.0072050000000000005,-0.002688,0.053223,-0.022381,-0.090395,-0.07023399999999999,-0.079021,-0.050245,0.017044999999999998,-0.06829299999999999,0.005215999999999999,,0.003125
2003-04-30,0.049488000000000004,0.069337,0.135916,0.01437,0.126685,0.138155,0.05624,0.27795000000000003,0.163917,0.25,0.060645,-0.0013969999999999998,0.014419,-0.003337,,-0.011838
2003-05-31,-0.09843199999999999,-0.056196,0.031566000000000004,0.0925,-0.032548,0.007332,0.051787,0.087485,0.112903,0.011364,-0.01579,0.046154,0.0,0.054688,,0.064442
2003-06-30,-0.113051,-0.012214000000000001,0.07343899999999999,0.048818,0.014938,-0.017388,-0.006935,-0.038547,-0.026087,-0.054494,0.041825,-0.048569,-0.046823,-0.021164000000000002,,0.005383
2003-07-31,0.058031,-0.017774,-0.018244,-0.077818,-0.018044,0.021810999999999997,0.075419,0.122603,0.199405,0.22638100000000003,-0.060827,-0.016813,0.131579,0.168649,,0.013682000000000001
2003-08-31,0.007835,0.06687599999999999,0.0034839999999999997,0.026297,0.012584,-0.015085,0.07577300000000001,-0.119406,-0.012407,-0.028100999999999998,0.0032379999999999996,-0.048327,0.093862,0.102803,,0.016413999999999998
2003-09-30,-0.000972,-0.019436,0.125314,0.011737,0.034796999999999995,0.046091,-0.023985,-0.0030120000000000004,-0.058011,-0.052164999999999996,-0.0045190000000000004,0.049219,-0.077642,-0.08583500000000001,,-0.037296
2003-10-31,-0.022374,0.06697499999999999,-0.019710000000000002,0.102088,0.017672,0.08890599999999999,0.115312,-0.010875999999999999,0.127371,0.035332,-0.023995000000000002,0.054356,0.113796,0.115634,,-0.009685000000000001
2003-11-30,0.017198,0.046176,0.052910000000000006,0.023860000000000003,0.038827,-0.046604,0.0034189999999999997,0.004275999999999999,-0.043269,-0.04239899999999999,0.06539500000000001,0.02048,-0.027992,0.015754999999999998,,0.0012790000000000002
2003-12-31,0.031187999999999997,0.013793,0.036181,0.055517000000000004,-0.023645999999999997,0.015536000000000001,-0.003405,0.09002399999999999,0.007538,0.058855000000000005,0.018448,0.061422,0.110871,-0.014694,,0.116451
2004-01-31,0.016323,-0.020408,-0.074685,-0.006494,-0.078125,-0.029104,-0.036446,0.026785999999999997,-0.012469,0.045385,-0.020612,-0.058077,-0.053791000000000005,0.034796999999999995,,-0.054636
2004-02-29,0.06282499999999999,0.034722,0.079665,0.07450999999999999,-0.037931,-0.008186,0.03487,-0.026629999999999997,0.010101,0.100488,0.09949,0.050319,-0.013014,0.07526,,0.019443
2004-03-31,-0.042667000000000004,-0.034672,-0.045631000000000005,0.028975,-0.047279,-0.011364,-0.061345000000000004,-0.024729,-0.0192,-0.036101999999999995,-0.00232,0.026991,-0.055967,-0.018515999999999998,,0.053726
2004-04-30,-0.012071,0.066996,0.031328999999999996,0.044593999999999995,0.092697,0.045183999999999995,-0.0012360000000000001,0.019347,-0.013193,0.043560999999999996,-0.005233,0.028908999999999997,-0.07824099999999999,-0.12490399999999999,,0.069079
2004-05-31,-0.0026850000000000003,-0.042961,0.001005,-0.064327,-0.014766,-0.036405,0.010375,0.022538999999999997,-0.048128000000000004,-0.033575,0.01052,0.031928,0.062247000000000004,0.00793,,-0.012315
2004-06-30,0.043394,0.026934,0.06927699999999999,0.068125,-0.021053000000000002,-0.026368,0.013597,0.0017399999999999998,0.067416,0.068545,0.011765000000000001,0.021306,0.009132,-0.013986,,0.019362
2004-07-31,-0.10258800000000001,-0.083389,-0.044131000000000004,-0.02165,0.000896,-0.005254999999999999,-0.015244,-0.045165,0.021053000000000002,-0.015817,0.022914,0.001256,0.080694,0.035461,,0.059548
2004-08-31,-0.019567,0.0029349999999999997,0.045187,0.017013,0.021671999999999997,0.045250000000000005,0.078012,0.038378999999999996,0.025773,-0.034451,0.06548,0.08657500000000001,-0.025236,0.08346,,-0.037604
2004-09-30,-0.055147,0.034472,0.08087300000000001,-0.043582,0.05305,-0.113503,0.016222,0.034772,0.013309999999999999,0.031073,0.005391,0.013857,0.077592,0.055777,,0.070523
2004-10-31,0.020567000000000002,0.055797,0.006135000000000001,0.023719999999999998,-0.036944,-0.014570000000000001,0.0028510000000000002,-0.001159,-0.002519,-0.004566,0.01555,0.042711,-0.041722999999999996,-0.098868,,0.0
2004-11-30,0.057687999999999996,0.004804,0.050523,0.071951,-0.032059000000000004,-0.083781,0.020898,-0.022622,0.073232,0.063303,0.011088,-0.028399999999999998,0.076545,0.063652,,0.019762
2004-12-31,0.06785000000000001,0.015026999999999999,0.067164,0.021046999999999996,0.1099,-0.076284,-0.013468,0.122849,0.035294,0.083693,0.054512,0.10805400000000001,0.0,-0.029921000000000003,,-0.048689
2005-01-31,-0.014662999999999999,-0.026244999999999997,-0.041958,0.025070000000000002,-0.038462,0.053467,-0.000569,0.049154,0.045454999999999995,0.011146,0.040827,-0.046536,0.076321,0.0,,0.029528
2005-02-28,-0.012401,0.023497,-0.009732,0.038043,0.068036,0.047041000000000006,-0.011952,-0.013098,0.026087,0.020472,-0.02276,-0.010304,0.127197,0.05276,,0.083325
2005-03-31,0.050728,0.022942,0.036855,0.007605,-0.024135,0.017561,-0.019464,0.024371,-0.011016999999999999,0.0037119999999999996,-0.028246000000000004,0.0027400000000000002,-0.067575,-0.012482,,-0.024021
2005-04-30,-0.049713,0.037534,-0.010537000000000001,0.048232,0.081616,0.09348000000000001,-0.001792,-0.063808,-0.07947,-0.072441,0.049975,0.059016,-0.075979,-0.07490000000000001,,-0.026436
2005-05-31,0.10517599999999999,0.021318,0.016234,0.067485,0.044391,0.023674,0.048051,0.012291000000000002,0.040767,0.04584,0.044196,0.04386,0.032258,0.13006,,0.040386
2005-06-30,0.0037280000000000004,0.041113,0.018371,0.030651,-0.006618000000000001,-0.010278,0.025346,0.04415,0.059908,0.00974,0.035135,0.035962999999999995,0.046569,-0.002287,,0.054446
2005-07-31,0.022284,-0.044957000000000004,0.021176,0.056691000000000005,-0.007402,0.10688,0.037079,0.019027000000000002,-0.004348,0.051447,-0.031423,-0.038348,0.11007,0.100076,,0.083477
2005-08-31,0.012716,0.007633999999999999,0.002304,-0.006416,0.005988,-0.002857,-0.024245000000000003,-0.032586,-0.028384,-0.048643,0.002551,-0.005112,0.044287,-0.015687,0.045245,0.011836
2005-09-30,0.061883,0.052134,-0.043661000000000005,0.067204,0.076923,0.041502,0.026876,0.024123000000000002,0.035255,0.016327,0.014313,0.018499,0.183257,0.20542100000000002,0.035912,0.065665
2005-10-31,-0.032095,0.024540000000000003,-0.028271,0.043661000000000005,0.018724,-0.03871,-0.03108,-0.010707,-0.055066,0.071486,-0.028222,-0.034309,-0.070751,-0.011834,-0.066133,-0.073497
2005-11-30,0.0005870000000000001,0.0,0.007481,0.013677,-0.020571000000000002,0.053296,0.051166,0.018398,0.09090899999999999,0.029235,0.057502000000000004,0.049112,0.086351,0.087425,0.029165,0.024227
2005-12-31,0.017652,0.008982,0.094059,0.031745999999999996,0.027992,0.060345,0.007559,0.038257,0.042735,0.026948,0.06063399999999999,0.099611,0.13461499999999998,0.08975799999999999,-0.008399,-0.023659
2006-01-31,0.025152,-0.007122000000000001,-0.040724,-0.025385,-0.021103,-0.037823,0.001072,0.042989,0.026639,0.021986,0.012313000000000001,0.057196,0.079849,0.09146000000000001,0.080181,0.092084
2006-02-28,-0.005921999999999999,0.047221,0.062893,0.072612,0.015165999999999999,-0.012574,0.042827000000000004,0.08685000000000001,0.03992,0.095073,0.042572,0.006981,-0.03751,-0.015278,-0.094576,-0.060476999999999996
2006-03-31,0.002553,0.048657000000000006,-0.023669,0.049559,0.040802,0.100569,0.008978,0.038907,0.090211,0.035706,-0.045833000000000006,-0.032062,0.09029899999999999,0.071447,0.047175,0.049206
2006-04-30,-0.011035999999999999,-0.001655,-0.031818,0.005738999999999999,0.033887,0.044828,-0.018135,-0.030881,0.00046199999999999995,0.0018759999999999998,0.00524,0.03581,0.032170000000000004,0.052750000000000005,0.043382,0.023449
2006-05-31,-0.052992,-0.030939,0.022327,-0.045648999999999995,-0.042049,-0.067987,-0.010735,-0.056232,-0.075812,-0.073658,0.053866,-0.026793,-0.017573000000000002,-0.077516,-0.055233,-0.06893500000000001
2006-06-30,0.017573000000000002,0.037058,0.042122,0.017937,0.020946,0.155807,0.023669,0.055610999999999994,0.001953,0.031671,-0.009867,0.068344,-0.0351,0.029712000000000002,0.036446,0.0088
2006-07-31,0.041117999999999995,0.034634,0.076347,0.059470999999999996,-0.019854,0.001532,0.020494,0.014111,-0.031189,-0.062050999999999995,0.04188,0.10940200000000001,-0.032879,0.007665,0.037912,0.022997999999999998
2006-08-31,-0.007899,-0.006376,0.049374,0.008689,0.012434,0.049617,-0.010444,-0.012228000000000001,0.05835,0.04318399999999999,0.04676,0.013097000000000001,-0.031498,0.039133,-0.027881,-0.066464
2006-09-30,0.048567,0.029858,-0.045726,0.002778,-0.044355000000000006,-0.019389,0.022559999999999997,0.034516,0.097881,0.060976,0.046238,0.015969999999999998,-0.048927,-0.017165,-0.031868,-0.025126
2006-10-31,-0.012149,0.028087,0.101013,-0.010388,-0.015470999999999999,-0.07189899999999999,0.02001,0.037071,0.014034999999999999,-0.010217,0.003745,-0.006947999999999999,0.14444,0.058665,0.031782,0.0017180000000000001
2006-11-30,0.072848,0.006701,-0.005718,0.006998,-0.026681,-0.047773,-0.048791,-0.033959,0.04844299999999999,0.016129,0.042052,0.047278,-0.061203,-0.000846,-0.000709,-0.00683
2006-12-31,0.047689,0.026625999999999997,0.033866,-0.0069489999999999994,-0.005181,-0.069831,-0.007463,0.057354,0.039604,0.04381,0.07200000000000001,0.021067999999999996,0.001105,0.054615,-0.008333,-0.011324
2007-01-31,-0.030812,-0.012469,0.033375,0.08047599999999999,0.015625,0.034985,-0.006444999999999999,0.017498,-0.01746,-0.001217,0.042062,-0.037415,-0.001104,-0.050984,-0.039776,-0.05815000000000001
2007-02-28,-0.016618,0.014646,0.033493,0.0032379999999999996,0.057443,0.029794,-0.036757,-0.012898,0.011309,-0.003654,-0.00651,-0.024028,0.007735,0.021997,-0.026889,-0.013540000000000002
2007-03-31,0.124908,0.037919999999999995,0.028356,0.052688,-0.023077,-0.045391,0.019142,0.018146,0.015974,-0.061886000000000004,0.045216000000000006,0.038378,0.07343,0.126285,0.023607999999999997,0.057470999999999994
2007-04-30,0.029393,0.028655,0.056538000000000005,-0.023914,0.037223,0.002195,0.043282999999999995,0.0375,-0.003876,0.056112,-0.013793,0.039051999999999996,0.058925,-0.002988,0.034891,0.024457
2007-05-31,0.009595,0.016996999999999998,-0.008107999999999999,0.10315899999999999,-0.08839999999999999,-0.019708,0.015733999999999998,-0.010327,-0.006464,0.009488,-0.00445,0.054362,0.194273,0.138629,0.086371,0.0073809999999999995
2007-06-30,0.03592,-0.03714,-0.087738,-0.007598000000000001,-0.0038169999999999996,-0.001117,-0.020343,-0.033043,-0.023422000000000002,-0.068296,-0.034845,-0.095172,0.042779,-0.030931,0.08076499999999999,0.068202
2007-07-31,-0.040248,-0.024108,-0.025687,-0.057714999999999995,-0.038314,-0.046216999999999994,-0.001093,0.0035970000000000004,-0.06529,-0.07061200000000001,-0.048103,-0.067245,-0.057748,-0.042423,-0.050639,-0.042289
2007-08-31,0.008387,0.046443000000000005,0.042305,0.040251,0.041739,-0.034855,-0.009118000000000001,-0.003936,0.034212,0.025326,0.05694,0.05814,-0.041486999999999996,-0.013869,0.006143999999999999,-0.025501
2007-09-30,-0.011516,0.033627,0.033529,0.06504599999999999,0.001544,0.0016359999999999999,0.008361,-0.004587,-0.06707,0.056538000000000005,0.055892,0.032966999999999996,0.232653,0.15647,0.047792,0.017937
2007-10-31,0.05178,0.024209,0.11864699999999999,0.044521,-0.035466000000000004,-0.031032999999999998,0.05141,0.00553,0.048653,0.026495,0.022321,0.028369,0.061967999999999995,0.007601,0.052356,0.101322
2007-11-30,0.108922,-0.006364,-0.018443,0.031148,0.040388,-0.026549,-0.118329,-0.092576,-0.07423300000000001,-0.097287,0.039740000000000004,0.08069000000000001,0.256125,-0.008449,-0.066033,-0.04797
2007-12-31,0.059417,-0.011894,-0.003653,0.041335,-0.006987999999999999,-0.063203,0.014458,-0.046465,0.006939,-0.013196000000000001,0.015216,-0.010743,-0.05727,-0.06269,0.073754,0.042373
2008-01-31,-0.125397,-0.06296299999999999,-0.126244,-0.08651400000000001,-0.075841,-0.032348,-0.10748200000000001,-0.073093,0.011485,-0.072065,-0.071942,-0.068152,-0.067895,-0.107143,-0.151587,-0.134959
2008-02-29,-0.034483,0.021739,-0.039568,0.055709999999999996,-0.054169999999999996,-0.065316,0.019295,0.036571,-0.056775,-0.020817000000000002,-0.052326,-0.0007030000000000001,0.162859,0.17600000000000002,0.019872,0.038858000000000004
2008-03-31,0.064536,-0.004864,-0.053682999999999995,0.023592,-0.032668,-0.0047539999999999995,0.11014900000000001,0.051845999999999996,0.014446,0.04526500000000001,-0.05726,-0.0014069999999999998,-0.08514,-0.051151999999999996,-0.03927,-0.062271
2008-04-30,0.001766,0.016732,0.153158,0.0031730000000000005,0.06379,0.129512,0.059639,-0.04102,0.037018,0.019433,0.013015,0.029598,0.129562,0.07959,0.16753,0.19335899999999998
2008-05-31,0.0022689999999999997,-0.046467,-0.034732,-0.004744,-0.006690000000000001,0.036184,-0.020424,-0.112139,-0.05595,0.0015890000000000001,0.064954,-0.002738,0.024361,0.045885999999999996,0.070646,0.006026
2008-06-30,-0.144823,-0.061929,-0.108186,-0.078919,-0.000449,-0.028571,-0.090029,-0.190755,-0.16360600000000003,-0.20539300000000002,-0.08841900000000001,-0.09196199999999999,-0.0075970000000000005,0.031296,-0.040465,-0.04070700000000001
2008-07-31,-0.028691,-0.047077999999999995,-0.0241,0.051178999999999995,0.06837399999999999,0.152194,0.081534,-0.049879,-0.023952,0.006986,0.011354999999999999,0.036604,-0.111333,-0.171583,-0.127969,-0.105872
2008-08-31,0.064121,0.155026,0.058545999999999994,0.02965,0.102466,0.103274,0.043656,0.06611,0.027607,0.019822,0.069611,0.024793,-0.020787,0.012383,0.080045,0.027509000000000002
2008-09-30,0.030467,-0.05199,0.01599,-0.013971,-0.06594699999999999,-0.08652100000000001,0.041017,-0.25432099999999996,0.015005,-0.042196,-0.0007000000000000001,-0.007331,-0.330977,-0.367326,-0.15773,-0.12245900000000001
2008-10-31,-0.08278600000000001,0.0063490000000000005,-0.11615199999999999,-0.07356900000000001,0.00030700000000000004,0.069106,-0.154273,-0.126711,-0.287,-0.233333,-0.014705999999999999,0.011817,-0.174878,-0.17412400000000003,0.048826,0.09321099999999999
2008-11-30,0.08439500000000001,-0.046266999999999996,-0.129935,-0.001176,-0.064327,-0.070342,-0.044195000000000005,-0.15065699999999999,-0.056101,0.087636,-0.03838,-0.166423,-0.438547,0.001305,0.038733,0.057423
2008-12-31,0.057602,0.05953700000000001,0.21909900000000002,0.060071000000000006,0.146875,0.148057,-0.074126,-0.25,0.141159,-0.025609000000000003,0.031952,0.07374900000000001,-0.073383,0.007823,0.03855,-0.001424
2009-01-31,-0.031032,-0.017689999999999997,-0.005,0.055556,-0.050602999999999995,-0.04845,-0.17938099999999998,-0.280159,-0.19791699999999998,-0.2,-0.052632000000000005,-0.08931599999999999,0.010738000000000001,-0.181113,-0.041551,-0.059886
2009-02-28,-0.105882,-0.132415,-0.06979300000000001,-0.054211,-0.111335,-0.12710100000000002,-0.09571999999999999,-0.357222,-0.34740299999999996,-0.073718,-0.033179,-0.0027500000000000003,0.225266,-0.20932099999999998,-0.093101,-0.07490000000000001
2009-03-31,-0.03655,-0.022624,0.0006,-0.069982,0.017306,0.09273300000000001,-0.062181,0.21269300000000002,0.069652,-0.188603,-0.145251,-0.090074,0.304831,0.184815,0.016828,0.051868
2009-04-30,0.00607,0.033694,0.036137,0.016119,-0.022404999999999998,-0.026928,0.216456,0.584158,0.411402,0.45896000000000003,0.054154999999999995,0.058586,0.180426,0.251265,0.001273,0.023330000000000004
2009-05-31,0.12295099999999999,0.0369,0.08214700000000001,0.029896,-0.006673,0.077568,0.16869499999999998,-0.18503499999999998,0.036021,0.060222,0.06023,0.068702,0.009373,0.197439,0.074209,0.07894999999999999
2009-06-30,-0.017931,0.033808,-0.030966999999999998,-0.008886,0.025432,0.039105,-0.097035,0.028382,-0.059768,0.020926999999999998,-0.047708,0.013337000000000002,-0.089962,-0.0075970000000000005,-0.08554199999999999,-0.064971
2009-07-31,0.109551,0.076305,0.03931,0.11058,0.088201,0.049616,0.205473,0.215501,0.134883,0.027086000000000002,0.020091,-0.114717,0.182423,0.094415,0.035573,0.040603
2009-08-31,0.063291,0.017058,0.022857,0.023683999999999997,0.046997,0.025959,0.117872,0.309882,0.194725,0.15808999999999998,0.060877,0.010842000000000001,-0.030333000000000002,0.04715,0.106447,0.087926
2009-09-30,0.058333,0.029596,0.063049,0.047492,0.022028,-0.012676,0.065318,-0.068619,0.158873,0.12720800000000002,0.019409,-0.008682,0.105656,-0.013855,0.042373,0.039474
2009-10-31,0.028683999999999998,0.0375,0.029997,-0.010188,0.016673,-0.022111000000000002,-0.059078,-0.16075199999999998,-0.105923,-0.14394099999999999,0.004139,-0.019577999999999998,0.009181,0.11138999999999999,0.013176,0.034901
2009-11-30,-0.011465000000000001,0.029116,0.038419,-0.049408,0.017949,-0.009117,0.056195,-0.048334,-0.014650000000000002,-0.034411,0.08903499999999999,0.103521,0.146677,0.175169,0.010543,0.018663
2009-12-31,0.117713,0.057561,0.011819999999999999,0.09176999999999999,0.049722,0.071218,0.002546,-0.08087,0.042017,0.074244,0.049515,0.061106999999999995,0.097798,0.041491,0.04526500000000001,0.044204999999999994
2010-01-31,-0.042126000000000004,-0.026753,-0.005724,0.026779,-0.07806,0.0005149999999999999,-0.044440999999999994,0.010061,-0.058313,-0.023624,-0.070692,0.035912,-0.085841,-0.143489,-0.074123,-0.021833
2010-02-28,0.016578,0.008531,-0.013747,0.076793,0.012964,0.027846000000000003,0.062454,0.025391,0.016469,0.004633,0.033281,0.035556000000000004,0.094822,0.029285000000000002,0.043122,0.000974
2010-03-31,0.005717,0.0535,0.037527,0.051478,0.042422,0.019247,-0.062982,0.19561900000000002,0.141283,0.025761,-0.016104,0.025751,0.16082000000000002,0.20251000000000002,0.067039,0.07724199999999999
2010-04-30,0.020155,0.008137,0.020569,-0.095752,-0.04306600000000001,-0.017013,0.0,0.053529,0.002872,-0.094991,-0.019486,-0.030126,-0.134699,-0.023834,0.07199,-0.076837
2010-05-31,-0.044684999999999996,-0.053812,-0.054119,-0.005599,-0.032574,0.004327,-0.051999000000000004,-0.14380800000000002,-0.078134,-0.082592,-0.11721399999999998,0.03365,-0.05623,-0.051505999999999996,-0.097105,-0.14022600000000002
2010-06-30,-0.035867,0.004739,-0.076652,0.046022,-0.0121,0.092194,-0.02007,-0.05157199999999999,-0.00506,-0.018130999999999998,0.033484,0.065069,-0.069144,-0.116685,-0.06692300000000001,-0.355497
2010-07-31,0.0055520000000000005,0.044340000000000004,0.027891,0.026913,-0.015144999999999999,0.021772999999999997,0.050065,0.289758,0.138589,0.137854,0.037677999999999996,0.06417500000000001,0.113188,0.07402700000000001,0.031452,0.27297
2010-08-31,-0.039529999999999996,-0.04336,0.041725000000000005,0.025048,0.09901,0.010485,0.004259,0.003321,0.034618,0.060436,0.077527,-0.01145,0.00729,-0.066955,0.002255,-0.062446
2010-09-30,0.069106,0.057354,0.041897000000000004,0.071525,0.027437,0.001704,0.00202,0.06662799999999999,0.132855,0.077693,-0.016393,0.012355,0.127576,0.079274,0.105597,0.124015
2010-10-31,-0.022814,0.051094999999999995,0.016861,0.002316,-0.014191,-0.032163,0.006357000000000001,-0.06988699999999999,-0.029952,-0.002006,0.092593,0.064073,0.08465500000000001,0.151455,0.057411000000000004,-0.004675
2010-11-30,-0.0025640000000000003,-0.0069440000000000005,-0.029401,-0.020798,-0.007371,-0.042817999999999995,0.006375,-0.12373100000000001,-0.089641,-0.109269,-0.037288,0.036559,0.010778000000000001,-0.030089,-0.032318,0.00035200000000000005
2010-12-31,0.104671,0.035838999999999996,0.025827,0.057069,0.023102,-0.024537,0.004319,0.08756800000000001,0.058533999999999996,0.108291,-0.003677,0.041006999999999995,0.099767,0.182592,0.104597,0.09296900000000001
2011-01-31,-0.07488500000000001,0.014346000000000001,-0.052471,-0.06433900000000001,-0.089919,0.037132,0.045308,-0.038356,0.147287,0.126718,-0.000904,-0.074425,-0.046027,-0.08184699999999999,0.028057,0.041456
2011-02-28,0.014185000000000001,0.0,0.003725,0.068113,0.063459,0.026993999999999997,-0.00382,-0.01931,0.07027,0.053297,0.033484,0.08698800000000001,0.006893,0.08849,0.018154,0.029628
2011-03-31,0.041666999999999996,-0.001226,-0.057397000000000004,0.050031,0.007197,-0.044393,-0.043178,-0.06246,-0.030303,-0.037728000000000005,0.040279999999999996,-0.017485,0.025493000000000002,-0.030513,0.02374,-0.082272
2011-04-30,0.022105,0.027848,0.085712,0.04356499999999999,0.09752000000000001,0.044359,0.022465000000000002,0.019969,0.097454,0.032348,0.03367,0.027378999999999997,-0.004339,-0.026972,0.025838999999999997,0.018833
2011-05-31,0.02519,0.062397,0.038409,0.042512,0.023489,0.062709,-0.022993,-0.122363,-0.046417,-0.022158,0.019544,0.008661,-0.026376,-0.029002,-0.0452,0.022210999999999998
2011-06-30,0.017757000000000002,-0.016229,-0.040687,0.003306,0.010605999999999999,-0.021873,-0.025835,-0.05769199999999999,0.009394,0.0048070000000000005,0.016964,-0.000583,0.057832999999999996,0.018977,0.011861,-0.020711
2011-07-31,-0.028913,-0.021995,-0.046144,0.032772,0.022489,-0.043436,-0.038647999999999995,-0.11530599999999999,-0.050761,-0.091572,-0.025306000000000002,-0.027853,-0.042423,-0.060729,0.007439,0.005124
2011-08-31,0.070536,-0.0040160000000000005,-0.012648,-0.013767,-0.027582,0.00045,-0.08834,-0.225029,-0.06417099999999999,-0.147442,0.040201,0.026555,-0.10723699999999999,-0.108596,-0.06465900000000001,-0.118406
2011-09-30,-0.020833,0.013744000000000001,-0.001585,-0.005467,0.017169,-0.017808,-0.073984,0.037803,-0.063763,-0.07131599999999999,0.02818,0.049013,-0.240268,-0.13183999999999998,-0.031477,-0.034663
2011-10-31,0.032162,0.046266,0.07511,0.049844,0.050263,0.041144,0.096599,-0.067976,0.143301,0.115914,-0.03289,-0.016223,0.17188900000000001,0.028937,0.10300000000000001,0.186615
2011-11-30,0.034087,0.056632999999999996,0.008587000000000001,0.028103,0.015073000000000001,-0.015405,-0.081144,-0.236036,-0.039819,-0.085387,0.033895,0.036966,-0.013589,0.055156000000000004,0.020419999999999997,0.009148
2011-12-31,0.012166999999999999,0.032673,-0.004319,0.037521,0.04845,0.011904999999999999,-0.006977,0.043505,-0.031103000000000002,-0.03497,0.0008010000000000001,-0.031088,-0.064091,-0.016942,0.066097,-0.000543
2012-01-31,-0.054092,-0.003199,-0.20783200000000002,-0.045328,-0.041794000000000005,0.026723,0.078709,0.182011,0.122568,0.161569,0.011200000000000002,0.019385,0.21760000000000002,0.102984,-0.05504,0.022476
2012-02-29,0.0017449999999999998,0.084237,-0.010950999999999999,0.08913299999999999,0.001686,-0.041474000000000004,0.048329000000000004,0.140921,0.046794,0.054093,0.015032,0.032787000000000004,-0.043014000000000004,0.009718,0.032395,0.056700999999999994
2012-03-31,0.016248,-0.000665,0.043973000000000005,0.019702,0.006848999999999999,-0.010150999999999999,0.014629000000000001,-0.038071,0.081954,-0.059122,-0.017147,-0.019683,-0.038504000000000004,-0.10705,-0.045047,-0.060621
2012-04-30,0.018895,0.03228,-0.007602,0.002698,0.020408,-0.028607,0.000541,-0.077221,-0.064147,-0.070588,0.055511,0.09455999999999999,-0.003918,0.013265,0.004351,-0.037942000000000004
2012-05-31,-0.02023,-0.002579,-0.046636,-0.031814,0.02129,-0.030191,-0.072449,-0.181554,-0.061224,-0.15125,0.014801,0.018343,-0.190095,-0.167652,-0.07105,-0.101691
2012-06-30,0.050465,0.061409000000000005,0.024789,0.059833,0.006259,0.089763,0.10127599999999999,0.22537400000000002,0.15308,0.042447,0.039230999999999995,0.022244,0.08597099999999999,0.059614,0.067877,0.068498
2012-07-31,0.068563,0.039586,0.025964,0.048125999999999995,0.014858,0.046792999999999994,-0.048476,-0.023955,0.001571,0.069699,-0.019245,0.043557,-0.024014999999999998,-0.090256,0.011874000000000001,0.007347
2012-08-31,-0.003578,0.010545,0.058158,-0.016124,-0.018678999999999998,0.001999,0.035183,0.097348,0.019211,0.118313,0.031698,0.003478,-0.057422,-0.069258,0.02659,0.05011
2012-09-30,-0.0053,0.023893,-0.013666000000000001,-0.036953,0.001754,0.0063,0.047889,0.165716,0.030469,0.006621,-0.000732,-0.03004,0.054652000000000006,0.038286,-0.028131,-0.010989
2012-10-31,0.026199,0.018109,-0.022263,-0.034597,-0.028721999999999998,-0.026227,0.071702,0.044939,0.015921,0.039849,0.034407,-0.043478,0.076083,0.047331000000000005,-0.007937,0.015578000000000002
2012-11-30,0.048723999999999996,0.04856,0.016413999999999998,0.066623,-0.024439000000000002,0.03093,0.04747,0.145903,0.08731299999999999,0.057634,0.018577,0.0056040000000000005,-0.003543,-0.08959500000000001,-0.004007,-0.013726
2012-12-31,-0.015397000000000001,-0.037695,0.033527999999999995,-0.046731999999999996,0.000375,-0.019215,0.014427,0.030541,-0.000686,0.064194,-0.002837,-0.0065769999999999995,0.135122,0.093218,0.015553999999999998,-0.015754999999999998
2013-01-31,0.084954,0.050364000000000006,0.060417,0.051906,0.08277200000000001,0.049321000000000004,0.107899,0.078159,0.046703,-0.016890000000000002,-0.016357999999999998,0.030496,0.013812,-0.00396,0.056079,0.09875199999999999
2013-02-28,0.031965,0.064691,0.037328,0.046147,0.022176,0.021781000000000002,0.020510999999999998,0.054394,0.050525,-0.026998,0.054953,-0.00185,-0.005337,0.018817999999999998,-0.01918,-0.032922
2013-03-31,0.059361,0.04798,0.032332,0.054202,0.056662,0.101486,-0.02346,-0.106113,0.078701,-0.146124,0.048663,0.057443,-0.113173,-0.10227,-0.018894,0.03186
2013-04-30,0.000718,-0.053494,-0.013743,0.011057999999999998,0.07929800000000001,0.013031999999999998,0.001423,0.11583500000000001,0.014851000000000001,0.030047,0.071242,0.063668,-0.053808999999999996,-0.075059,0.029591,0.014134
2013-05-31,0.0042780000000000006,-0.006619000000000001,-0.001912,0.015984,0.043258,0.013613,0.040766,0.143199,0.056047,0.094068,-0.042709000000000004,0.126853,-0.021240000000000002,-0.024601,0.018376,0.027688
2013-06-30,-0.040721,-0.036392,-0.09317299999999999,-0.070522,-0.038226,-0.080579,-0.060476999999999996,0.016905,-0.042458,0.017376,-0.015202,-0.16732399999999997,-0.060903,-0.170652,-0.046754,-0.038441
2013-07-31,0.00263,0.092553,0.10832800000000001,0.041128,0.021845,0.070626,0.096481,0.084072,0.125438,0.093934,0.054290000000000005,0.06550500000000001,0.101379,0.112164,0.065714,-0.0015379999999999999
2013-08-31,-0.070399,-0.025394,-0.002042,-0.059008000000000005,-0.01233,-0.030061,-0.08756800000000001,0.059588,-0.019221,0.041184000000000005,-0.055944,-0.047941000000000004,0.002542,0.06409,-0.054104,-0.005523
2013-09-30,-0.007727,-0.0045590000000000006,-0.020596999999999997,0.006605,-0.053479,0.0118,-0.009762999999999999,0.014197,0.050321,0.025853,-0.016162,0.044431000000000005,0.037762,0.026716000000000004,-0.022754,-0.029359000000000003
2013-10-31,0.034836,0.011196,0.027725,0.04868,0.055217,0.029078,0.028259,0.053682999999999995,0.102446,0.146913,0.073922,0.053318000000000004,0.044657999999999996,-0.021739,0.017891999999999998,0.11452299999999999
2013-11-30,-0.013185,-0.020634,-0.044618000000000005,-0.050931,-0.003579,0.061801,-0.000293,-0.0016769999999999999,-0.011096,-0.044088,-0.012110000000000001,-0.049004000000000006,0.032774,-0.09158200000000001,-7.2e-05,0.010722
2013-12-31,0.005265,0.027749000000000003,-0.039085999999999996,-0.007053,-0.004325,0.017362,-0.028597,0.019121,0.041141,0.047519,0.036458,-0.015871,0.045378,-0.021497000000000002,0.056152,0.012552
2014-01-31,-0.057615,-0.09974999999999999,-0.041872,-0.099444,-0.029476,0.079452,-0.053441999999999996,0.056034,-0.033229,-0.010450999999999998,0.0012690000000000002,0.012903,-0.048686999999999994,0.087879,-0.027507999999999998,-0.020592000000000003
2014-02-28,0.053663999999999996,0.054292,0.027625999999999998,0.11454,0.08335200000000001,0.0886,0.004306,-0.009244,0.116582,0.06427,0.057668,0.07122200000000001,0.05827,0.06615599999999999,0.04871400000000001,0.067648
2014-03-31,0.04916,-0.009316,-0.102673,0.057371,-0.047861,-0.050808,-0.016839,-0.09548,-0.148502,0.007179,-0.014979,-0.014595,-0.008099,0.019926,0.0059689999999999995,-0.048374
2014-04-30,0.032409,-0.023375,0.025998999999999998,0.024434,0.025448,0.203147,-0.0055969999999999995,0.009510999999999999,0.069158,0.12290699999999999,0.022505999999999998,0.012068,-0.033858,0.036358,0.0712,0.04
2014-05-31,0.022740999999999997,0.055846,0.036184,0.053702,-0.007514,-0.081582,0.05152999999999999,0.033174,0.086874,-0.0028539999999999998,0.058894,0.06666699999999999,-0.051946000000000006,-0.07869799999999999,0.011075,0.019160999999999997
2014-06-30,-0.010821,-0.027618999999999998,-0.063746,-0.034023,-0.023111000000000003,0.013307,-0.05769199999999999,-0.046364999999999996,-0.020851,-0.025762999999999998,-0.024882,0.00627,0.016847,-0.018868,0.031343,0.023658000000000002
2014-07-31,-0.030555,-0.042872,-0.092189,0.001438,-0.08152200000000001,0.0009220000000000001,0.073368,0.0,0.039929,-0.013712,0.018452,0.001553,0.091202,0.118182,0.009303,-0.060011999999999996
2014-08-31,0.043772000000000005,0.012648999999999999,-0.108721,0.034018,0.040226,0.065029,0.034128,0.027205,0.043536,0.034756999999999996,0.050846999999999996,0.005168000000000001,-0.036878,-0.031577,0.010638000000000002,0.007300999999999999
2014-09-30,-0.02783,0.005351,-0.190259,-0.020121000000000003,-0.041708999999999996,-0.02748,-0.039724,0.007866999999999999,-0.052958,0.004798,-0.012236,-0.034961,-0.056636,-0.09542500000000001,-0.032609,-0.058549
2014-10-31,-0.027466,0.029692,-0.061429,0.018667,0.003185,0.022965,0.031479,0.003382,0.009174,0.006885,0.042793,0.063399,-0.019792,-0.048772,-0.052152000000000004,-0.009814
2014-11-30,0.085991,0.077802,0.074021,0.06977699999999999,0.061701,0.052051999999999994,-0.003909,0.041748,0.067965,-0.024952000000000002,0.020103,0.023547,0.007067,0.003798,-0.032958,-0.050589
2014-12-31,-0.028825,-0.066885,0.013677,-0.077612,-0.073401,-0.046967,-0.044584,-0.056378000000000004,0.007702,-0.04626,-0.012796,-0.001115,0.002506,-0.091563,0.009848,-0.021894
2015-01-31,0.114916,0.065729,0.189153,0.07200000000000001,0.066134,0.041159,0.001643,-0.027302,0.077635,0.089783,0.018952,0.072782,-0.025,-0.07288599999999999,-0.06292099999999999,0.032725
2015-02-28,-0.014332000000000001,-0.006595999999999999,0.09188,0.007996,0.066616,-0.031459,-0.052986000000000005,0.071186,0.0433,0.020833,-0.052272,-0.056227,0.091282,0.087152,0.064746,0.071059
2015-03-31,-0.017795000000000002,-0.039266,-0.014466000000000001,-0.052306,0.0029189999999999997,0.035127,0.01717,-0.009114,-0.00322,0.0018549999999999999,-0.024701,0.013786,-0.108892,-0.134849,-0.051936,-0.025332
2015-04-30,0.025578,-0.025813000000000003,-0.08621000000000001,0.029811999999999998,-0.020375,-0.028099,0.129094,-0.002122,-0.037368,-0.0023380000000000002,0.016538,0.032054,0.040765,0.091897,0.025647000000000003,0.076483
2015-05-31,0.007327,0.002208,-0.038009,0.003619,-0.027530000000000002,-0.027576999999999997,-0.029216000000000002,0.134272,0.022307999999999998,-0.006641,0.062571,0.033881999999999995,-0.010052,-0.071493,-0.042627,-0.027371
2015-06-30,-0.054382,0.014046000000000001,-0.000235,-0.052836,-0.09012700000000001,-0.080846,-0.084471,-0.028825,-0.063582,-0.059217000000000006,-0.096701,-0.029354,-0.084734,-0.10477600000000001,-0.080546,-0.067887
2015-07-31,0.064835,-0.027974000000000002,0.01482,0.113031,0.055576999999999994,0.074894,0.016839,-0.023932000000000002,0.047409,0.055838,0.04393,0.059106,-0.048776,-0.11682100000000001,0.029946999999999998,-0.058789
2015-08-31,-0.091276,-0.014100999999999999,-0.112888,-0.072093,-0.026840000000000003,-0.033428,-0.095008,-0.061172000000000004,-0.018319000000000002,-0.069615,0.008205,-0.057623,-0.012697,-0.062269,-0.06357499999999999,-0.07306499999999999
2015-09-30,0.024018,0.02341,-0.042592,0.04714,-0.055576,0.014927,-0.038558,-0.028690000000000004,-0.057775999999999994,-0.06573000000000001,0.06836400000000001,0.051517,-0.074539,-0.25654499999999997,-0.083186,-0.073509
2015-10-31,0.085353,0.061,0.000546,0.059428999999999996,0.109795,-0.007414,0.03093,-0.019026,0.098698,0.09048099999999999,0.006421,0.027014999999999997,0.067195,-0.0078049999999999994,0.087516,0.156886
2015-11-30,-0.020394000000000002,0.016769,-0.08783400000000001,0.002202,-0.021463999999999997,0.084809,0.043144,-0.010444,0.037844,0.052469,0.017191,0.004012,-0.0636,-0.252378,-0.00885,0.013811
2015-12-31,0.032639,-0.02801,-0.105861,-0.025078,0.01291,0.025318999999999998,0.012653000000000001,0.0015079999999999998,-0.013628,0.008798,0.012638,-0.019109,-0.10369,-0.267221,-0.071211,-0.081116
2016-01-31,0.05416000000000001,0.015082,0.15986599999999998,0.033413,0.04807,-0.027943,-0.081872,-0.104147,-0.090739,-0.068217,0.05152,0.005512,-0.134125,-0.073468,-0.005242,0.062429
2016-02-29,0.010074000000000001,-0.0016569999999999998,0.040369,0.007312999999999999,0.0028539999999999998,-0.055424,-0.066321,0.106019,-0.067762,-0.08860200000000001,-0.022621000000000002,-0.024211999999999997,0.156485,0.730943,0.107697,-0.044703999999999994
2016-03-31,0.019567,0.012103,0.063193,0.068868,0.008932,-0.049793000000000004,-0.02491,-0.060496999999999995,0.036122999999999995,0.040849,0.024598,0.017322,0.027048000000000003,0.14961,0.022155,-0.003699
2016-04-30,-0.023115999999999998,-0.018868,-0.10271100000000001,0.01956,0.033285999999999996,0.006534,0.042866999999999995,0.016457,-0.009905,-0.020398,-0.012561,0.024849999999999997,0.17642499999999997,0.38272100000000003,0.05671,0.0674
2016-05-31,0.029956,0.013271999999999999,-0.040674,0.006715,0.003463,0.025457999999999998,-0.0006900000000000001,0.07380300000000001,0.073061,0.040241,0.033032,0.029186999999999998,-0.155618,-0.21391100000000002,-0.050386,-0.025737
2016-06-30,0.137635,0.11547700000000001,0.059358,0.153645,0.110381,0.108987,0.046849,-0.249375,-0.20342500000000002,-0.124277,0.12052500000000001,0.0866,0.18095199999999997,0.21129799999999999,0.235294,0.226452
2016-07-31,-0.012713,0.035706,-0.108062,-0.00382,0.052041000000000004,0.13006500000000001,0.06267400000000001,-0.016833,0.078658,-0.007108,-0.011861,0.005749,0.073017,0.142523,-0.050549,-0.02579
2016-08-31,0.006362,-0.007951,0.066346,-0.01023,-0.018125,-0.014461,0.155879,0.13384000000000001,0.041995,0.095372,-0.033703,-0.027766000000000002,-0.05251,-0.061048,-0.024912999999999998,0.020814
2016-09-30,0.035562,0.048376,0.09978999999999999,0.043385999999999994,0.002441,0.019352,0.025518,-0.080876,0.039943,0.028245,0.043478,0.05207900000000001,0.11886100000000001,0.24083100000000002,0.028756,0.051648
2016-10-31,-0.056853999999999995,-0.014024000000000002,0.151954,-0.048376999999999996,-0.014912000000000002,-0.083133,0.078758,0.049679,-0.042524,0.022046999999999997,-0.024725,-0.070659,0.102933,0.168871,0.065047,0.074889
2016-11-30,-0.06495000000000001,-0.080064,-0.009727,-0.06351899999999999,-0.064699,-0.095575,0.030834,0.010653,0.126074,0.009485,-0.128239,-0.060567,0.053002,0.047744999999999996,0.012142,-0.033264
2016-12-31,0.030194000000000002,0.052369000000000006,-0.008864,0.051895,0.044467,0.069406,0.034162,0.08018,0.050042,0.088143,0.042050000000000004,0.031679,0.056355,-0.021097,0.106861,0.109152
2017-01-31,-0.019742,0.044313000000000005,-0.059222000000000004,0.060154,-0.021766999999999998,-0.054873000000000005,0.029685000000000003,0.038714,-0.051292,-0.019531,-0.025116,0.021602,0.105271,0.17068999999999998,-0.042363,-0.072115
2017-02-28,0.19310400000000003,0.040022,-0.03186,0.036840000000000005,0.09372899999999999,0.144579,-0.019696,0.0576,0.057046,0.044244000000000006,0.053681,0.029956,-0.027785999999999998,-0.064433,-0.014476,-0.023665
2017-03-31,0.031553,0.006834,-0.014862,0.067237,0.006978,0.057817,0.0068059999999999996,-0.034222,-0.004027,0.068273,0.036829,0.01882,-0.026539,-0.040142,0.007935,0.008819
2017-04-30,0.00825,-0.016203000000000002,-0.012662,-0.016038,-0.065984,-0.05598,-0.022123,0.079525,0.036864,0.016332,-0.01332,-0.023929,-0.045957,-0.092661,-0.044608999999999996,-0.032893
2017-05-31,0.098734,0.035834000000000005,0.0024560000000000003,0.060403000000000005,0.11186299999999999,0.12862500000000002,0.073728,0.020087,0.023161,0.000953,0.085146,0.075269,0.013227,-0.06778100000000001,0.066679,0.072653
2017-06-30,-0.040748,-0.02514,-0.081111,-0.053526,-0.039918,-0.018915,0.053434,-0.062898,0.025814,0.001905,-0.102177,-0.10943199999999999,0.044964000000000004,-0.007271,-0.030952,-0.051211
2017-07-31,0.040072,0.079348,0.031991,-0.09944599999999999,-0.073983,-0.11022399999999999,0.06365,-0.008617,0.039102,0.024714999999999997,-0.01576,0.026581,0.08574999999999999,0.22314499999999998,0.048157,0.006775
2017-08-31,0.053398,0.075085,0.038462,0.036913,0.025514000000000002,0.009442,0.0013289999999999999,-0.011826000000000001,-0.014979,-0.030612,0.040457,0.012946,0.089775,0.152178,0.013878,0.015349999999999999
2017-09-30,-0.044258,-0.053627,0.034548999999999996,-0.032912,-0.029345,0.091169,-0.017855,0.061266,-0.001153,-0.015310999999999998,-0.051399999999999994,-0.042309,-0.073001,-0.04492,0.057123,0.072223
2017-10-31,-0.011460999999999999,0.048512000000000007,-0.025501999999999997,0.042594,-0.088008,0.01554,0.006269,0.008268,0.027318,-0.0016489999999999999,-0.020117,-0.028532000000000002,0.021739,0.060097,0.052035,0.068929
2017-11-30,-0.017384,-0.001361,0.06973499999999999,-0.037364,-0.044159,-0.050676,-0.00040899999999999997,-0.033533,0.000749,0.011881,-0.005709,0.01072,-0.013245,-0.042957999999999996,0.011850000000000001,-0.027185
2017-12-31,-0.009245999999999999,0.060931,0.07833,0.07958,0.033607,0.072012,0.044823,0.031212,0.022829000000000002,-0.008806000000000001,-0.011186,0.030014,0.125803,0.140177,0.051962,0.068698
2018-01-31,-0.030421,-0.070642,-0.0011949999999999999,-0.039657,-0.001588,-0.045792,-0.020602,0.021305,-0.009879,0.013228,-0.080448,-0.09643800000000001,-0.0050739999999999995,0.10267799999999999,-0.007056,-0.041324
2018-02-28,-0.058835,-0.018826,0.008612,-0.108632,0.007478,0.0052239999999999995,-0.025542,-0.010214,-0.029564,-0.014809000000000001,-0.080154,-0.125928,0.0010199999999999999,0.042140000000000004,-0.051731,-0.037416
2018-03-31,0.059462,-0.019512,-0.023245000000000002,-0.026216,0.066401,0.025236,-0.072096,-0.060174000000000005,-0.018279,-0.019185,0.08376099999999999,0.079941,-0.048745000000000004,-0.046752,-0.029335,0.008629
2018-04-30,0.030843,0.073383,0.145702,-0.031953999999999996,0.04835,0.042386,0.09017099999999999,0.031018,0.09065200000000001,0.108306,0.050610999999999996,0.052061,0.09277200000000001,0.029138999999999998,0.133199,0.12258699999999999
2018-05-31,0.025512999999999997,0.06701399999999999,0.04995599999999999,-0.032508,0.056250999999999995,0.071135,0.003453,-0.022425,-0.000741,-0.034405,0.024846,0.025258,0.074506,0.051363000000000006,0.043646000000000004,0.085259
2018-06-30,0.010973,-0.014661,0.044770000000000004,0.0023799999999999997,0.003806,-0.038967999999999996,-0.013739,-0.002531,-0.014085,-0.013312,0.00612,0.022709,-0.009198,-0.056978,0.008439,0.0034699999999999996
2018-07-31,0.038884,0.02939,0.014024000000000002,0.096867,0.033861,0.116505,0.02786,-0.010626,-0.012405999999999999,-0.007937,-0.029938,-0.022733,-0.001071,0.022422,-0.005325,-0.008646000000000001
2018-08-31,0.016506,-0.024478,-0.053015999999999994,-0.114139,-0.00161,-0.000544,-0.074073,-0.03245,-0.014505999999999998,-0.011404000000000001,-0.004058,0.034376000000000004,-0.106334,-0.088107,-0.029751,-0.031858
2018-09-30,-0.040073,0.009093,-0.027181,-0.036813,-0.015124,0.028991,0.001345,-0.0005059999999999999,0.031065999999999996,0.009278,-0.022963,-0.075962,0.060399,0.11767,0.053967999999999995,0.07674
2018-10-31,-0.016485,-0.003862,-0.103704,-0.039894,-0.016658,0.004528,-0.025598999999999997,-0.034587,-0.040809,-0.124617,0.047763,0.007572,-0.019716,-0.027742,-0.051584000000000005,-0.037332000000000004
2018-11-30,0.031841,0.042459,-0.07384,-0.18962700000000002,0.08610200000000001,0.021202000000000002,0.030082,-0.032506,-0.026243,-0.050175,0.024016000000000003,0.001833,-0.064283,-0.065067,-0.037637000000000004,-0.06981
2018-12-31,-0.031813,-0.010094,-0.037711999999999996,-0.072893,-0.080414,-0.039889,-0.026193,-0.063403,-0.056757999999999996,-0.077396,-0.082483,-0.007923,0.048047000000000006,0.11594900000000001,-0.026371000000000002,-0.04625
2019-01-31,-0.030181,0.038104,0.173593,0.0748,-0.009388,-0.058061999999999996,-0.012367,0.11668300000000001,0.122944,0.102796,0.079822,0.100799,0.122654,0.111569,0.023618999999999998,0.048693999999999994
2019-02-28,0.013852,0.013130999999999999,0.012999,0.02661,0.028834,0.135615,-0.015896999999999998,0.097409,0.08172700000000001,0.021974999999999998,0.027507999999999998,0.010258,0.035463,0.031244,0.00975,0.042699999999999995
2019-03-31,0.09655699999999999,0.077055,0.026991,0.176354,0.066382,-0.0006519999999999999,0.016969,-0.022033,-0.018888000000000002,-0.02552,0.0034200000000000003,-0.021297999999999997,0.10814299999999999,0.045247,0.02724,0.045097
2019-04-30,0.059726999999999995,0.030432999999999998,0.07626000000000001,-0.06387,-0.014654,-0.06666699999999999,0.070271,0.041331,0.053937,0.09335,-0.017278,0.030364,0.000897,-0.035110999999999996,0.015123,0.000895
2019-05-31,0.046563999999999994,0.028452,-0.078179,-0.076923,-0.017594000000000002,0.018687,-0.021543999999999997,-0.084865,-0.077642,-0.057974,-0.013689,-0.022593000000000002,0.016013,-0.043606,0.019124000000000002,-0.019337
2019-06-30,0.011888000000000001,0.017591000000000002,0.001325,0.014395,0.032482000000000004,0.10371999999999999,0.018292,-0.011701,0.050273000000000005,0.029411999999999997,0.054238,0.05749,0.07582900000000001,0.184433,0.04530700000000001,0.015738000000000002
2019-07-31,0.012463,0.017583,-0.014998000000000001,0.073845,0.079919,0.096769,-0.000304,-0.057607,-0.028571,-0.02497,0.010169999999999998,-0.016113,-0.037394,-0.091557,0.008357999999999999,-0.005286
2019-08-31,0.056464,0.030277,-0.018361000000000002,-0.024390000000000002,0.016741,0.047031,-0.086863,-0.044596,-0.142564,-0.104883,0.016819,0.027791999999999997,-0.079973,-0.103609,-0.107821,-0.067987
2019-09-30,-0.058891,-0.048666,0.099453,0.044271000000000005,0.01928,-0.007789000000000001,0.056138,0.08609299999999999,0.13114800000000001,0.12764799999999998,0.027256999999999997,0.045389,0.014339,0.054673,0.047682,0.031187999999999997
2019-10-31,-0.047390999999999996,-0.050555,-0.012693000000000001,-0.085231,0.013756999999999998,0.033053,-0.054010999999999997,0.04952,0.061593999999999996,0.03982,0.021998000000000004,0.04157,-0.046329,0.059000000000000004,-0.06333899999999999,-0.051377
2019-11-30,-0.009627,0.00015800000000000002,-0.02466,0.132494,0.002821,-0.005733,-0.011492,0.076585,0.06522599999999999,-0.027457,0.005385,0.012103999999999998,0.046712,0.022658,0.005893000000000001,-0.0033239999999999997
2019-12-31,-0.049694,0.011215999999999999,0.11246700000000001,0.07242799999999999,0.014253,0.019979,0.027069,0.022077,0.07867600000000001,0.036899,0.061369,0.121266,0.07176,0.072292,0.010854999999999998,-0.017908999999999998
2020-01-31,0.042064000000000004,-0.059522000000000005,-0.032524000000000004,0.038991,0.002811,-0.024057,-0.067748,-0.09136,0.008251,-0.048483,0.065128,0.025447,-0.09304899999999999,-0.08624000000000001,-0.107651,-0.031595
2020-02-29,-0.073232,-0.072299,-0.07452399999999999,-0.08786300000000001,-0.112121,-0.06596300000000001,-0.050561999999999996,-0.116042,-0.14893599999999999,-0.11947800000000001,-0.022867000000000002,-0.044203,-0.116552,-0.09760300000000001,-0.15152,-0.117415
2020-03-31,-0.022662,-0.064726,0.001313,-0.081766,-0.03047,0.062114,-0.13294499999999998,-0.36255000000000004,-0.254423,-0.23460699999999998,-0.036834,-0.07505099999999999,0.080758,-0.185663,-0.145901,-0.131137
2020-04-30,0.006502,0.063213,0.027534999999999997,0.11652799999999999,0.09665900000000001,0.153271,-0.09741300000000001,0.0075,0.125066,-0.099441,-0.013522000000000001,0.048246000000000004,-0.009143,-0.000847,-0.066244,-0.09035399999999999
2020-05-31,0.065359,0.014726999999999999,-0.00113,0.035384,0.01815,0.031002000000000002,-0.097317,-0.07351099999999999,-0.029813999999999997,0.024399999999999998,-0.008353000000000001,0.021339,0.170579,0.201668,-0.039306,0.002793
2020-06-30,0.005309,-0.039061,-0.0008759999999999999,-0.02665,-0.021055,-0.018531,0.022967,0.043689,0.11284599999999999,0.104562,0.068251,0.041201999999999996,0.054718,0.099259,0.022078,0.004742
2020-07-31,0.050057,0.044565,-0.048224,-0.172177,-0.065257,0.012944,-0.096144,-0.156856,-0.031236,-0.036184,-0.058757000000000004,-0.011698,0.014509000000000001,0.000428,-0.128516,-0.104329
2020-08-31,-0.01683,-0.089711,0.00737,0.003169,-0.026137,-0.014399,-0.035213,0.078562,0.037329,0.09400499999999999,-0.063527,-0.048163,0.029811999999999998,-0.008931,-0.0031630000000000004,-0.027001
2020-09-30,0.070852,0.055987,-0.028349000000000003,0.09674200000000001,-0.013587,0.014029,-0.086779,-0.07037,-0.13322599999999998,0.010612,0.055266,0.045883,0.004423,0.023573,-0.129111,-0.147615
2020-10-31,-0.07014999999999999,-0.056981000000000004,-0.018541000000000002,-0.101691,-0.110331,-0.081707,0.076451,0.06336599999999999,-0.018848,-0.098705,0.032816,-0.00369,-0.06411800000000001,-0.034439000000000004,0.0015559999999999999,-0.126998
2020-11-30,0.037919999999999995,0.152461,0.10462300000000001,0.078227,0.074467,0.0050219999999999996,0.19627199999999997,0.27100799999999997,0.36742400000000003,0.247379,-0.059017,-0.016872,0.109479,0.222118,0.33098500000000003,0.284825
2020-12-31,-0.03916,-0.0006940000000000001,0.019382999999999997,0.045259999999999995,-0.020438,-0.061627,-0.024211,0.023021,0.053423,0.034340999999999997,0.019566,-0.025341999999999996,0.13156800000000002,0.095324,0.020925,0.028871
2021-01-31,-0.034608,0.02467,0.034572,-0.018648,0.011177,0.022802,0.010294000000000001,-0.09440200000000001,-0.08339600000000001,0.030750000000000003,-0.017341,0.010048,0.021755,-0.004331,0.030975000000000003,0.065542
2021-02-28,-0.11091200000000001,-0.037092,-0.062953,-0.064722,-0.106186,-0.05502100000000001,0.113521,0.18181799999999998,0.062705,0.079654,-0.051294000000000006,-0.052767999999999995,0.10699600000000001,0.148509,0.08907899999999999,0.089582
2021-03-31,0.08652599999999999,0.062933,0.018016,0.137916,0.08162599999999999,0.043484999999999996,0.018044,0.090641,0.07635900000000001,0.127936,0.071429,0.052968,-0.05891,0.043478,-0.021456,0.00994
2021-04-30,0.043269,0.087473,-0.034302,-0.033165,0.040062,0.064578,0.069943,0.082402,0.020676,0.014346000000000001,0.053935000000000004,0.074154,0.094775,0.08003500000000001,-0.034517,0.028339
2021-05-31,0.007443,0.047062,0.036724,0.011559,0.017452000000000002,0.042903000000000004,0.005521000000000001,0.09805199999999999,0.043685999999999996,0.027229999999999997,0.031408,0.014906999999999998,-0.001975,0.021173,-0.005397999999999999,0.022542
2021-06-30,0.000946,0.016745,-0.001344,0.032068,0.055944,0.07917,-0.083461,-0.064141,-0.09391500000000001,-0.012889,0.014632000000000001,0.019568000000000002,-0.018964,-0.079452,0.075208,0.028907
2021-07-31,-0.018792,0.031638,0.045077,-0.023973,-0.001127,-0.047795,-0.047568,-0.022595999999999998,0.014752000000000001,-0.045824,0.003584,0.11955199999999999,0.025551,0.110705,-0.0024879999999999998,-0.081905
2021-08-31,-0.016516,-0.008892,0.095064,0.018094,0.044119,0.037835,-0.015665,-0.026758,0.053307,0.061932,0.018613,-0.013571,-0.054611,0.022643,0.003683,0.040015999999999996
2021-09-30,-0.010133000000000001,0.032055,-0.007251,-0.026053000000000003,-0.039945,0.052149,0.009969,0.063849,0.04034,-0.020291999999999998,-0.060236,-0.057205000000000006,-0.087049,-0.145487,0.156049,0.145984
2021-10-31,-0.023221,0.007209999999999999,0.078353,-0.022081,0.074808,0.015182,0.131906,0.078377,0.027748,-0.003031,0.057427,0.051459000000000005,-0.071843,0.06101,0.01571,0.029091999999999996
2021-11-30,-0.0044469999999999996,0.046118,0.02538,-0.006479,0.023574,-0.089949,-0.050170000000000006,-0.0681,-0.02423,-0.024575999999999997,0.076117,0.054054000000000005,0.011293,-0.003774,-0.051753,-0.059679
2021-12-31,0.022414999999999997,0.062245,0.047515999999999996,0.101646,0.05350799999999999,0.048574,0.06987,0.021368,0.055339,0.065974,0.071232,0.035922,0.060711,0.088023,0.028408000000000003,0.015517000000000001
2022-01-31,-0.040046,-0.07755200000000001,0.024491,0.157307,0.022656999999999997,-0.007029,0.17597200000000002,0.067992,-0.03395,0.057992,0.018683,-0.02511,0.059893999999999996,0.07029200000000001,0.163275,0.158245
2022-02-28,-0.0010199999999999999,0.008871,-0.024411000000000002,0.030978,-0.045033000000000004,0.069347,-0.02464,-0.051224,-0.035491,-0.033164,0.047424999999999995,0.001044,0.116876,0.18432500000000002,0.054616,-0.040721999999999994
2022-03-31,-0.077806,0.037181,-0.047455,-0.004193,0.065873,0.118446,0.050496,-0.028492000000000003,-0.018758999999999998,0.076941,0.036788,0.070236,0.117356,0.075386,0.069219,0.032458
2022-04-30,0.07641099999999999,0.040118999999999995,-0.014493,0.049303,0.09094200000000001,0.054875999999999994,-0.045869999999999994,0.004279,-0.026785,-0.00823,0.018424,0.022092,-0.061667,-0.097294,0.030590000000000003,0.04316
2022-05-31,0.0392,-0.08548,-0.019053,0.044749,-0.028041999999999997,-0.021894,0.063236,-0.021578,0.030147,0.009921,-0.019263,-0.07342699999999999,0.007711,0.08393800000000001,0.103044,0.12146599999999999
2022-06-30,-0.02719,-0.03932,-0.013514,0.004997,0.019047,0.033097,0.004878,-0.057474,-0.077782,-0.066744,-0.074567,-0.047062,-0.144957,-0.244404,-0.102041,-0.105815
2022-07-31,0.07592,0.099561,0.027789,-0.070212,-0.032732000000000004,0.0040739999999999995,-0.040888999999999995,0.069369,0.08977,-0.013207,0.07557,0.08495799999999999,0.0016270000000000002,0.004426,0.021086999999999998,0.030131
2022-08-31,-0.010551999999999999,-0.018615,-0.052932,0.071728,-0.19229700000000002,-0.011335,0.043747999999999995,-0.012966,-0.013118000000000001,0.08210800000000001,-0.047282000000000005,-0.055254000000000004,0.013413999999999999,-0.0229,0.060651000000000004,0.116435
2022-09-30,0.011081,0.0089,-0.168476,-0.049621000000000005,-0.053357,-0.065765,-0.116301,-0.056746,-0.142574,-0.07284500000000001,-0.136364,-0.155005,0.0262,-0.017068,-0.018996,-0.019026
2022-10-31,0.001386,-0.052535,0.060068,0.064156,0.09419499999999999,0.031175,-0.042799,0.015221,0.075751,0.07702200000000001,0.01869,0.062845,-0.073325,-0.046426999999999996,0.070109,0.107827
2022-11-30,0.05221,0.058366,0.057648000000000005,-0.012378,-0.0054020000000000006,0.08894099999999999,0.139504,0.11625400000000001,0.08029199999999999,0.062664,0.08847899999999999,0.08349999999999999,0.23099,0.306306,0.026067999999999997,0.048251
2022-12-31,0.009170000000000001,-0.041492,-0.014504999999999999,-0.016418,0.021894,0.004657,0.011772,-0.031873,-0.008347,-0.003376,-0.016856,-0.0071189999999999995,0.038138,-0.050183,-0.048282,-0.045427
2023-01-31,-0.017575,-0.035616,0.096789,-0.056528999999999996,-0.009878,-0.055980999999999996,0.15648600000000001,0.157895,0.018036,0.029133,0.027672,0.062241,0.08985900000000001,0.071064,0.020636,0.029375
2023-02-28,0.015845,0.002557,0.037007,0.015342,0.010851999999999999,0.042431,0.065728,0.000761,0.00748,-0.020408,0.022439,-0.023082,-0.09605999999999999,-0.16789300000000001,0.074078,0.137026
2023-03-31,0.013056000000000002,0.032909,0.041961000000000005,-0.077917,0.002526,0.032353,-0.108222,-0.093976,-0.066432,-0.048312,0.046279,0.046529,-0.009726,-0.048698,-0.086285,-0.072116
2023-04-30,0.058830999999999994,0.0022140000000000003,0.057960000000000005,0.030452,0.008397,0.045762,0.043842,0.044362000000000006,0.037994,0.046512000000000005,0.043776,0.018409,-0.078313,-0.087005,0.062161999999999995,0.04620199999999999
2023-05-31,-0.083797,-0.075925,-0.048310000000000006,-0.12726300000000001,-0.056462000000000005,-0.0073219999999999995,0.042960000000000005,-0.08361,-0.02563,-0.068085,-0.033639,-0.054229,-0.052882,-0.090593,-0.08563599999999999,-0.142379
2023-06-30,0.017002,0.009561,-0.047546,0.020943,0.031491,-0.032933,0.052836999999999995,-0.013130999999999999,-0.003507,0.0025369999999999998,-0.025709,-0.05274,0.042554999999999996,0.004273,0.054943,0.011141000000000002
2023-07-31,0.022819,0.005475,0.038647,0.025819,-0.003024,-0.007982,0.039569,0.030855999999999998,0.026837,-0.017206,-0.00865,-0.004677,0.032996,0.0721,0.010032000000000001,0.05378
2023-08-31,-0.026894,-0.030948000000000003,0.029845,0.002676,0.013375,-0.0406,-0.086563,-0.037214,-0.038027000000000005,-0.0050680000000000005,-0.040039,-0.060298,-0.026708,-0.103713,0.030136,0.021070000000000002
2023-09-30,0.004948,-0.06459100000000001,-0.005645,0.004715,0.074309,0.041268,0.105985,0.047574,0.017375,0.038913,-0.010301,-0.014582999999999999,0.061878,0.078553,0.080655,0.090051
2023-10-31,-0.04259,0.024061,0.034894,-0.047729999999999995,-0.02319,-0.07674299999999999,-0.081563,-0.099842,-0.049888,0.02001,-0.001429,0.12304399999999999,0.015655,-0.074597,0.015541000000000001,-0.054196
2023-11-30,-0.021339,-0.110557,0.059696,0.023635000000000003,-0.016208,-0.012098,0.030286,0.088383,0.084674,0.05005,0.070247,-0.00311,0.027402000000000003,0.021703,-0.022601,-0.034872
2023-12-31,0.008091000000000001,0.033472,0.016445,-0.063098,0.021699000000000003,0.04681,0.055473,0.097539,0.09507199999999999,0.041198,0.029684,-0.008458,0.082052,-0.08001899999999999,0.0044919999999999995,-0.02703
2024-01-31,0.012367999999999999,0.001576,-0.013425,0.018732,0.08123,-0.009434,-0.027223,-0.108468,0.015531999999999999,-0.005521000000000001,-0.002836,0.007367,-0.058028,-0.037552,-0.048415,-0.007937
2024-02-29,0.014233,0.046703999999999996,-0.027216,0.0027800000000000004,0.071786,-0.034493,-0.005985000000000001,0.094863,-0.050587999999999994,0.032385000000000004,-0.016588000000000002,-0.037721,-0.077049,-0.103132,0.015224,0.008491
2024-03-31,0.028191,-0.012322999999999999,0.063845,0.051589,0.026432999999999998,0.069618,0.048647,0.111445,0.050804999999999996,0.112704,0.027469999999999998,-0.012,0.028248000000000002,0.167566,0.068376,0.075971
2024-04-30,0.041378000000000005,-0.051273,-0.001011,-0.022860000000000002,-0.020836,0.129612,0.12374800000000001,0.039124,-0.014029,-0.016642,-0.016886,-0.001215,0.09069200000000001,0.34952399999999995,0.09066700000000001,0.049829
2024-05-31,0.042447,-0.052243000000000005,0.077846,0.027222,0.06476799999999999,0.010612,0.037046,0.06974999999999999,0.059322,0.030492,-0.092595,-0.00381,0.000731,-0.045748,-0.008565,-0.050974000000000005
2024-06-30,0.015424,-0.053602,-0.016076999999999998,0.030562,-0.134164,0.013617999999999998,-0.017949,-0.014049,-0.092,-0.006876,0.045515,-0.002515,-0.05021899999999999,-0.004575,0.008003,-0.026528999999999997
2024-07-31,0.09919399999999999,-0.028319,0.08366,0.12963,-0.011442,0.0009710000000000001,0.02939,0.088418,0.020705,0.049517,0.11715400000000001,0.080252,-0.033647,-0.060751,0.002117,-0.034407
2024-08-31,0.03516,0.041736,0.066647,0.033151,0.10619899999999999,0.079924,-0.041747,0.00040599999999999995,-0.008281,0.008796,0.012779,0.0,-0.023423,-0.045944000000000006,-0.046979,-0.050558
2024-09-30,-0.013656999999999999,0.052781,0.014136,-0.019015999999999998,-0.084792,-0.127015,0.00375,0.005128000000000001,0.011171,-0.01838,0.031444,0.027616,0.110901,0.099593,-0.095487,-0.087797
2024-10-31,-0.022525,-0.07837100000000001,-0.034718,-0.010646,-0.081767,-0.047118,0.063509,-0.091837,-0.040654,-0.063069,-0.052233,-0.028009,-0.053406,-0.011939,0.06329900000000001,-0.038422
2024-11-30,0.001872,-0.019382999999999997,0.070719,0.10872,-0.030668,-0.038942000000000004,0.040582,-0.006367,0.019346000000000002,0.067535,0.033506999999999995,0.068988,-0.015849,0.050208,-0.007725999999999999,0.037725
2024-12-31,-0.032546,0.07864,0.005186,-0.016534,0.008614,-0.01357,0.07178899999999999,0.032416,0.038409,-0.030804,-0.042918000000000005,-0.070078,-0.043249,-0.062091,-0.021924000000000003,0.021707999999999998
2025-01-31,0.01847,-0.0467,0.010589,0.110069,0.043446,0.083684,0.076913,0.13800700000000002,0.054395,0.096416,0.031368,0.007576,0.035571,0.006979999999999999,0.081785,0.075064
2025-02-28,-0.023077,-0.092369,0.021494,-0.034407,0.055313999999999995,0.070114,0.103938,0.170677,0.009905,0.059143999999999995,-0.004899,-0.009497,-0.019832000000000002,-0.018694,-0.005255999999999999,0.049627
2025-03-31,0.027413,-0.068655,-0.125986,0.050712,-0.003069,-0.059659000000000004,-0.034268,-0.012332000000000001,-0.007764999999999999,0.019838,0.035385,0.011187,-0.008421999999999999,-0.07484099999999999,0.0717,-0.002858
2025-04-30,0.032321,0.038471000000000005,0.115558,0.020741999999999997,0.014705999999999999,-0.046738999999999996,-0.047946,0.048984,0.028489,0.057015,0.072808,0.102331,-0.030415,-0.054078999999999995,-0.136106,-0.19674399999999997
2025-05-31,-0.002567,-0.035851,0.073864,0.026478,0.027770000000000003,-0.000746,0.058897000000000005,0.053493000000000006,0.060554,0.090357,-0.0047610000000000005,-0.0045839999999999995,-0.010119,0.08674200000000001,0.014621,0.043765
2025-06-30,-0.059911000000000006,-0.093704,0.034278,0.056811,-0.077638,-0.055970000000000006,0.009849,-0.006477,0.023723,0.014085,0.014333,0.011469,-0.035666,-0.007181,0.042458,0.016538999999999998
2025-07-31,-0.003842,0.013675999999999999,0.060055,0.166619,0.020144000000000002,0.118972,0.046496,0.030248,0.008641,0.047481,-0.0014130000000000002,-0.03109,0.060895000000000005,-0.0009299999999999999,0.06168,0.106782
2025-08-31,0.06450700000000001,0.105774,-0.006347,0.035891,0.035913,0.048444,0.033853,0.022108,-0.01303,0.024681,-0.017925,-0.023783,0.055929,0.063058,0.014917,0.08343600000000001
2025-09-30,-0.054169999999999996,-0.13348000000000002,0.053939,-0.056870000000000004,0.083993,-0.051569000000000004,0.103834,0.054074,-0.038384,0.052486,0.025456,0.0007729999999999999,0.052887,0.22256399999999998,-0.028451,-0.014696
2025-10-31,0.04295499999999999,0.011295,0.042310999999999994,0.004508,0.130835,0.115185,0.017608,0.062754,-0.00084,-0.02508,0.067916,0.074575,0.122455,0.032316,0.075949,0.038873000000000005
2025-11-30,-0.001338,-0.008286,-0.019808,0.13242800000000002,0.014787,0.12060900000000001,0.013439000000000001,0.079255,0.038267,-0.025127,0.020131999999999997,0.03137,-0.011666000000000001,-0.008348,-0.013212999999999999,0.040962
2025-12-31,-0.0026590000000000003,-0.076059,-0.018876,-0.033093,0.018705,-0.013167,0.096804,0.021842999999999998,0.060753,0.050015000000000004,-0.004361,-0.010291,0.10549599999999999,0.082076,-0.015628,-0.047116
2026-01-31,0.016668000000000002,0.044902,-0.037574,0.038443,0.028501,-0.013777999999999999,0.095076,0.10901899999999999,0.012218,-0.07101099999999999,0.081472,0.049839,0.124124,0.1047,0.019708,0.071627
2026-02-28,0.11493199999999999,-0.007759,0.130292,0.060328999999999994,0.182413,0.154851,0.084176,-0.059660000000000005,0.023386999999999998,0.078956,0.126772,0.120219,0.08860200000000001,0.08597400000000001,0.110369,0.04316
2026-03-31,-0.231937,-0.160301,-0.015605,-0.044642999999999995,-0.062244,-0.05481900000000001,-0.098724,-0.09868199999999999,-0.092149,-0.086008,-0.08734700000000001,-0.057927,-0.026726999999999997,-0.13788,0.165772,0.269339
2026-04-30,0.023339,0.064304,0.018918,-0.010981000000000001,-0.065649,-0.050511,0.104289,0.10567,0.085057,0.038641,0.033635,0.057929,0.058179999999999996,0.128185,-0.071728,-0.03711
2026-05-31,-0.011918,0.043848000000000005,-0.088354,0.061994,-0.015513999999999998,-0.010466999999999999,0.038754,0.022168999999999998,0.078268,-0.016677,-0.064992,-0.068595,0.084377,0.111948,-0.054105999999999994,-0.09597
2026-06-30,0.076566,-0.008466,0.066248,0.018732,0.05288299999999999,0.021591,0.026692999999999998,0.09028499999999999,0.053795,0.060339000000000004,0.043914999999999996,-0.0047139999999999994,-0.10617499999999999,-0.072969,-0.059333,-0.104829
2026-07-31,0.047598,0.073563,0.067146,-0.009566999999999999,-0.024987,-0.10411300000000001,0.10148199999999999,0.032403,0.05035,0.066441,-0.046474,0.020974,0.007300999999999999,0.009738,0.153597,0.18283000000000002
